Showcase Link,空间类型标签,拍摄设备,是否carousel
https://realsee.ai/8VRR9bb4,Restaurant,Galois,
https://realsee.ai/ybkk6aap,Construction,Galois,
https://realsee.ai/VbOOJyyP,Construction,Galois,
https://realsee.ai/VbOOJO6Y,Retail,Galois,
https://realsee.ai/P5vvlOxj,Industrial,Galois,
https://realsee.ai/98OOWJzK,Retail,Galois,
https://realsee.ai/kzaaLd6g,Showroom,Galois,
https://realsee.ai/rnDDBMnR,Outdoor,Galois,
https://realsee.ai/MELL8AE4,Aerial 3D,Pano to 3D,
https://realsee.ai/Ae44XdGW,Industrial,Galois,
https://realsee.ai/lq22lmqD,Industrial,Galois,
https://realsee.ai/gL99yxrL,Industrial,Galois,
https://realsee.ai/bbEExKYE,Industrial,Galois,
https://realsee.ai/LNwwV3GK,Exhibition,Galois,
https://realsee.ai/lq22laKg,Showroom,Galois,
https://realsee.ai/gL99yqnz,Residential,Galois,
https://realsee.ai/98OORY4z,Residential,Galois,
https://realsee.ai/exnnjzDk,Residential,Galois,
https://realsee.ai/xGWWRdgr,Residential,Galois,
https://realsee.ai/ReZZgMOD,Residential,Galois,
https://realsee.ai/lq22laKJ,Outdoor,Galois,
https://realsee.ai/WgwwABrp,Museum,Galois,
https://realsee.ai/Y9vvxZvy,Office,Galois,
https://realsee.ai/Ae44XBBg,Restaurant,Galois,1
https://realsee.ai/Ae44Xx4r,Studio,Galois,
https://realsee.ai/GjVV2lEO,Aerial 3D,Pano to 3D,1
https://realsee.ai/MELL8AAX,Restaurant,Galois,
https://realsee.ai/v4OORaaL,Church,Galois,1
https://realsee.ai/3kYYW88M,Studio,Galois,
https://realsee.ai/2VPPW4zP,Residential,Galois,
https://realsee.ai/6yDDWlYz,Gym,Galois,
https://realsee.ai/7kyyNVV8,Gym,Galois,
https://realsee.ai/N4eeOl9w,Residential,Galois,
https://realsee.ai/rnDDBMM3,Residential,Galois,
https://realsee.ai/Y9vvxDDq,Campus,Galois,
https://realsee.ai/exnnjXXG,Residential,Galois,
https://realsee.ai/ByNN9a8d,Office ,Galois,
https://realsee.ai/GjVV2lNP,Residential,Galois,
https://realsee.ai/xGWWRrlr,Campus,Galois,
https://realsee.ai/a9rrxlA9,Tourism,Galois,
https://realsee.ai/qjMMwmjO,Residential,Galois,
https://realsee.ai/EOxx9AOD,Residential,Galois,
https://realsee.ai/z7RRAY7W,Residential,Galois,
https://realsee.ai/a9rrxl92,Office,Galois,
https://realsee.ai/WgwwxZgR,Residential,Galois,
https://realsee.ai/kzaaL2z2,Hotel,Galois,
https://realsee.ai/ReZZg8ew,Residential,Galois,
https://realsee.ai/2VPPW4Vj,Residential,Galois,
https://realsee.ai/xGWWRrGg,Residential,Galois,
https://realsee.ai/XN33xjNk,Residential,Galois,
https://realsee.ai/p8EEZ68z,Clinic,Galois,
https://realsee.ai/ReZZgYeV,Office,Galois,
https://realsee.ai/xGWWRYGB,Retail,Galois,
https://realsee.ai/6yDDWqyp,Retail,Galois,
https://realsee.ai/a9rrxK9V,Tourism,Galois,
https://realsee.ai/d4XXR35y,Restaurant,Galois,
https://realsee.ai/49kkWj9x,Restaurant,Galois,
https://realsee.ai/v4OO9vk5,Residential,Galois,
https://realsee.ai/nMnngxO7,Aerial 3D,Pano to 3D,
https://realsee.ai/wKJJWnKX,Tourism,Galois,
https://realsee.ai/v4OO9d6A,Residential,Galois,
https://realsee.ai/ByNN9Yyw,Aerial 3D,Pano to 3D,
https://realsee.ai/DMLL2AMk,Aerial 3D,Pano to 3D,
https://realsee.ai/VbOOJZbY,Tourism,Galois,
https://realsee.ai/O3eeLx3k,Hotel,Galois,
https://realsee.ai/ZyKKxYy3,Residential,Galois,
https://realsee.ai/JVLLDNV4,Construction,Galois,
https://realsee.ai/gL99yrL4,Residential,Galois,
https://realsee.ai/p8EEaW6z,Construction,Galois,
https://realsee.ai/O3eed4g4,Office,Galois,
https://realsee.ai/z7RRKweW,Outdoor,Galois,
https://realsee.ai/EOxxRjpD,Exhibition,Galois,
https://realsee.ai/5jLLg5vk,RV ,Galois,
https://realsee.ai/7kyyZWMk,Office,Galois,
https://realsee.ai/qjMMPVbO,Office,Galois,
https://realsee.ai/N4eeOlOz,Residential,Galois,
https://realsee.ai/49kkWjWG,Office,Galois,
https://realsee.ai/ZyKKxYxM,Clinic,Galois,
https://realsee.ai/wKJJWnWN,Residential,Galois,
https://realsee.ai/gL99yry2,Residential,Galois,
https://realsee.ai/Ae44Rrdy,Museum,Galois,
https://realsee.ai/8VRR9e8a,Museum,Galois,1
https://realsee.ai/ybkk6mbp,Tourism,Galois,
https://realsee.ai/VbOOkJX4,Residential,Galois,
https://realsee.ai/jmxxX26b,Residential,Galois,
https://realsee.ai/qjMMXL8g,Residential,Galois,
https://realsee.ai/JVLLa6Ra,Residential,Galois,
https://realsee.ai/Ae44p45P,Residential,Galois,
https://realsee.ai/JVLLJLxa,Residential,Galois,
https://realsee.ai/49kkakmw,Residential,Galois,
https://realsee.ai/ZyKKdKZe,Residential,Galois,
https://realsee.ai/JVLLJLb4,Residential,Galois,
https://realsee.ai/v4OOR4qm,Residential,Galois,1
https://realsee.ai/EOxxR9Rn,Residential,Galois,
https://realsee.ai/N4eexPaz,Retail,Galois,
https://realsee.ai/Ae44RaGr,Retail,Galois,
https://realsee.ai/Ae448G4p,Retail,Galois,
https://realsee.ai/jmxxX2Jx,Retail,Galois,
https://realsee.ai/rnDDXVDR,Retail,Galois,
https://realsee.ai/2VPPnGbP,Retail,Galois,
https://realsee.ai/LNwwklLm,Retail,Galois,
https://realsee.ai/wKJJP2qD,Retail,Galois,
https://realsee.ai/jmxxR7qV,Retail,Galois,1
https://realsee.ai/49kkbqGG,Office,Galois,
https://realsee.ai/Y9vvAM35,Office,Galois,
https://realsee.ai/49kkb6Jw,Office,Galois,
https://realsee.ai/lq22l2WJ,Office,Galois,
https://realsee.ai/GjVV4EpB,Restaurant,Galois,
https://realsee.ai/7kyy3Gy9,Restaurant,Galois,
https://realsee.ai/ZyKKW7JM,Restaurant,Galois,
https://realsee.ai/XN33WrZE,Industrial,Galois,
https://realsee.ai/z7RRLZRO,Industrial,Galois,
https://realsee.ai/KlNNy8Mv,Construction,Galois,
https://realsee.ai/p8EEaW6z,Construction,Galois,
https://realsee.ai/3kYYlzJn,Exhibition,Galois,
https://realsee.ai/6yDD4nGp,Exhibition,Galois,
https://realsee.ai/v4OO9blm,Exhibition,Galois,
https://realsee.ai/gL99RMqE,Exhibition,Galois,
https://realsee.ai/ZyKKWl3e,Exhibition,Galois,
https://realsee.ai/xGWWKjnm,Exhibition,Galois,
https://realsee.ai/KlNNkd8V,Church,Galois,
https://realsee.ai/2VPPLEG9,Hotel,Galois,
https://realsee.ai/ReZZWmkV,Hotel,Galois,
https://realsee.ai/lq22XE8x,Hotel,Galois,
https://realsee.ai/7kyy3WYZ,Hotel,Galois,
https://realsee.ai/a9rrRkMV,Tourism,Galois,
https://realsee.ai/wKJJPgbN,Tourism,Galois,
https://realsee.ai/ybkkOXeg,Tourism,Galois,
https://realsee.ai/GjVVp6Pk,Aerial 3D,Pano to 3D,
https://realsee.ai/Y9vvAB5x,Outdoor,Galois,
https://realsee.ai/3kYYl6xd,Tourism,Galois,
https://realsee.ai/Y9vvRv4x,Outdoor,Galois,
https://realsee.ai/nMnngxxm,Outdoor,Galois,
https://realsee.ai/xGWWK4gB,Campus,Galois,
https://realsee.ai/Ae44R6kP,Campus,Galois,
https://realsee.ai/d4XXReNv,Gym,Galois,